{
    "MeltInNight/chart.easy.txt": {
        "ModificationDate": 1617631658.4414616,
        "Size": 3365
    },
    "MeltInNight/chart.hard.txt": {
        "ModificationDate": 1617557234.0336707,
        "Size": 16989
    },
    "MeltInNight/audio.ogg": {
        "ModificationDate": 1602779466.0999448,
        "Size": 3038147
    },
    "MeltInNight/MenuData.json": {
        "ModificationDate": 1617704787.429421,
        "Size": 628
    },
    "MeltInNight/chart.medium.txt": {
        "ModificationDate": 1617557225.3821986,
        "Size": 8502
    },
    "Blue/chart.hard.txt": {
        "ModificationDate": 1616248373.7037191,
        "Size": 10576
    },
    "Blue/audio.ogg": {
        "ModificationDate": 1602779376.7533112,
        "Size": 3316807
    },
    "ADayInTheSummerNight/chart.easy.txt": {
        "ModificationDate": 1622307639.2499003,
        "Size": 2848
    },
    "ADayInTheSummerNight/audio.ogg": {
        "ModificationDate": 1602779330.432589,
        "Size": 2503602
    },
    "ADayInTheSummerNight/chart.medium.txt": {
        "ModificationDate": 1622307639.2502897,
        "Size": 6326
    },
    "Timeout/chart.easy.txt": {
        "ModificationDate": 1621231657.6810973,
        "Size": 2078
    },
    "Timeout/audio.ogg": {
        "ModificationDate": 1602779549.834046,
        "Size": 2241259
    },
    "Timeout/chart.medium.txt": {
        "ModificationDate": 1621774554.6363702,
        "Size": 4583
    },
    "Mellifluous/chart.hard.txt": {
        "ModificationDate": 1607972205.121313,
        "Size": 12461
    },
    "Mellifluous/audio.ogg": {
        "ModificationDate": 1602776511.4753277,
        "Size": 3030938
    },
    "Mellifluous/MenuData.json": {
        "ModificationDate": 1616247465.1344473,
        "Size": 331
    },
    "Reflected/chart.easy.txt": {
        "ModificationDate": 1622307639.2494617,
        "Size": 5117
    },
    "Reflected/chart.hard.txt": {
        "ModificationDate": 1621674082.8256638,
        "Size": 42621
    },
    "Reflected/audio.ogg": {
        "ModificationDate": 1602779183.621897,
        "Size": 3168848
    },
    "Reflected/MenuData.json": {
        "ModificationDate": 1620729317.1817791,
        "Size": 643
    },
    "Reflected/chart.medium.txt": {
        "ModificationDate": 1621247790.99354,
        "Size": 15906
    },
    "Freesia/chart.easy.txt": {
        "ModificationDate": 1621764473.6751695,
        "Size": 6448
    },
    "Freesia/audio.ogg": {
        "ModificationDate": 1617646936.0,
        "Size": 3022565
    },
    "Freesia/chart.medium.txt": {
        "ModificationDate": 1622014561.195987,
        "Size": 30570
    },
    "Ramune/chart.easy.txt": {
        "ModificationDate": 1620135754.4262285,
        "Size": 2686
    },
    "Ramune/audio.ogg": {
        "ModificationDate": 1619495662.0,
        "Size": 3436788
    },
    "Ramune/MenuData.json": {
        "ModificationDate": 1620136329.5092695,
        "Size": 468
    },
    "Ramune/chart.medium.txt": {
        "ModificationDate": 1620135757.1144018,
        "Size": 12906
    },
    "JourneysEnd/chart.easy.txt": {
        "ModificationDate": 1618570440.671416,
        "Size": 2094
    },
    "JourneysEnd/audio.ogg": {
        "ModificationDate": 1602723380.0,
        "Size": 2964196
    },
    "JourneysEnd/chart.medium.txt": {
        "ModificationDate": 1620726712.236677,
        "Size": 14962
    },
    "FortuneDays/chart.easy.txt": {
        "ModificationDate": 1621156435.2867317,
        "Size": 2137
    },
    "FortuneDays/audio.ogg": {
        "ModificationDate": 1602779413.1713264,
        "Size": 3056123
    },
    "FortuneDays/chart.medium.txt": {
        "ModificationDate": 1621680829.8049684,
        "Size": 5212
    },
    "DifferentNeverland/chart.hard.txt": {
        "ModificationDate": 1613939001.8912299,
        "Size": 25201
    },
    "DifferentNeverland/audio.ogg": {
        "ModificationDate": 1602778942.3696024,
        "Size": 5418937
    },
    "DifferentNeverland/MenuData.json": {
        "ModificationDate": 1616247470.397988,
        "Size": 340
    }
}