{
    "MeltInNight/chart.easy.txt": {
        "modified date": 1617631658.4414616,
        "size": 3365
    },
    "MeltInNight/chart.hard.txt": {
        "modified date": 1617557234.0336707,
        "size": 16989
    },
    "MeltInNight/audio.ogg": {
        "modified date": 1602779466.0999448,
        "size": 3038147
    },
    "MeltInNight/MenuData.json": {
        "modified date": 1617704787.429421,
        "size": 628
    },
    "MeltInNight/chart.medium.txt": {
        "modified date": 1617557225.3821986,
        "size": 8502
    },
    "Blue/chart.hard.txt": {
        "modified date": 1616248373.7037191,
        "size": 10576
    },
    "Blue/audio.ogg": {
        "modified date": 1602779376.7533112,
        "size": 3316807
    },
    "Umami/chart.easy.txt": {
        "modified date": 1620726750.929533,
        "size": 1910
    },
    "Umami/chart.hard.txt": {
        "modified date": 1621437054.2404788,
        "size": 9051
    },
    "Umami/audio.ogg": {
        "modified date": 1602777427.5335956,
        "size": 3494911
    },
    "Umami/chart.medium.txt": {
        "modified date": 1621437075.595657,
        "size": 6155
    },
    "ADayInTheSummerNight/chart.easy.txt": {
        "modified date": 1622307639.2499003,
        "size": 2848
    },
    "ADayInTheSummerNight/audio.ogg": {
        "modified date": 1602779330.432589,
        "size": 2503602
    },
    "ADayInTheSummerNight/chart.medium.txt": {
        "modified date": 1622307639.2502897,
        "size": 6326
    },
    "Timeout/chart.easy.txt": {
        "modified date": 1621231657.6810973,
        "size": 2078
    },
    "Timeout/audio.ogg": {
        "modified date": 1602779549.834046,
        "size": 2241259
    },
    "Timeout/chart.medium.txt": {
        "modified date": 1621774554.6363702,
        "size": 4583
    },
    "Mellifluous/chart.hard.txt": {
        "modified date": 1607972205.121313,
        "size": 12461
    },
    "Mellifluous/audio.ogg": {
        "modified date": 1602776511.4753277,
        "size": 3030938
    },
    "Mellifluous/MenuData.json": {
        "modified date": 1616247465.1344473,
        "size": 331
    },
    "Reflected/chart.easy.txt": {
        "modified date": 1622307639.2494617,
        "size": 5117
    },
    "Reflected/chart.hard.txt": {
        "modified date": 1621674082.8256638,
        "size": 42621
    },
    "Reflected/audio.ogg": {
        "modified date": 1602779183.621897,
        "size": 3168848
    },
    "Reflected/MenuData.json": {
        "modified date": 1620729317.1817791,
        "size": 643
    },
    "Reflected/chart.medium.txt": {
        "modified date": 1621247790.99354,
        "size": 15906
    },
    "Freesia/chart.easy.txt": {
        "modified date": 1621764473.6751695,
        "size": 6448
    },
    "Freesia/audio.ogg": {
        "modified date": 1617646936.0,
        "size": 3022565
    },
    "Freesia/chart.medium.txt": {
        "modified date": 1622014561.195987,
        "size": 30570
    },
    "Ramune/chart.easy.txt": {
        "modified date": 1620135754.4262285,
        "size": 2686
    },
    "Ramune/audio.ogg": {
        "modified date": 1619495662.0,
        "size": 3436788
    },
    "Ramune/MenuData.json": {
        "modified date": 1620136329.5092695,
        "size": 468
    },
    "Ramune/chart.medium.txt": {
        "modified date": 1620135757.1144018,
        "size": 12906
    },
    "JourneysEnd/chart.easy.txt": {
        "modified date": 1618570440.671416,
        "size": 2094
    },
    "JourneysEnd/audio.ogg": {
        "modified date": 1602723380.0,
        "size": 2964196
    },
    "JourneysEnd/chart.medium.txt": {
        "modified date": 1620726712.236677,
        "size": 14962
    },
    "FortuneDays/chart.easy.txt": {
        "modified date": 1621156435.2867317,
        "size": 2137
    },
    "FortuneDays/audio.ogg": {
        "modified date": 1602779413.1713264,
        "size": 3056123
    },
    "FortuneDays/chart.medium.txt": {
        "modified date": 1621680829.8049684,
        "size": 5212
    },
    "DifferentNeverland/chart.hard.txt": {
        "modified date": 1613939001.8912299,
        "size": 25201
    },
    "DifferentNeverland/audio.ogg": {
        "modified date": 1602778942.3696024,
        "size": 5418937
    },
    "DifferentNeverland/MenuData.json": {
        "modified date": 1616247470.397988,
        "size": 340
    }
}